category,title,description,image,label
writing,The Long Way Home,A short reflection about returning to familiar places.,https://images.unsplash.com/photo-1470770841072-f978cf4d019e?auto=format&fit=crop&w=900&q=85,Reflection
writing,Notes from a Restless Mind,A sample journal entry to demonstrate the writing gallery.,https://images.unsplash.com/photo-1455390582262-044cde5d7f0b?auto=format&fit=crop&w=900&q=85,Journal
writing,Small Joys Big Meaning,A small observation about everyday life.,https://images.unsplash.com/photo-1501004318641-b39e6451bec6?auto=format&fit=crop&w=900&q=85,Observation
calligraphy,Good Things Take Time,Sample calligraphy card; replace this with your own work.,https://images.unsplash.com/photo-1513364776144-60967b0f800f?auto=format&fit=crop&w=800&q=85,Calligraphy
calligraphy,স্বপ্ন,Sample card; replace with a photo or scan of your calligraphy.,,বাংলা
calligraphy,Still I Rise,Sample calligraphy card; replace this with your own work.,https://images.unsplash.com/photo-1513364776144-60967b0f800f?auto=format&fit=crop&w=800&q=85,Calligraphy
portraits,A Quiet Gaze,Sample portrait card; replace with a photo of your drawing.,https://images.unsplash.com/photo-1577083552431-6e5fd01aa342?auto=format&fit=crop&w=800&q=85,Portrait
portraits,The Elder,Sample portrait card; replace with a photo of your drawing.,https://images.unsplash.com/photo-1579783902614-a3fb3927b6a5?auto=format&fit=crop&w=800&q=85,Portrait
portraits,In Thought,Sample portrait card; replace with a photo of your drawing.,https://images.unsplash.com/photo-1578301978693-85fa9c0320b9?auto=format&fit=crop&w=800&q=85,Portrait
landscapes,Where the Road Grows Quiet,A sample landscape photograph.,https://images.unsplash.com/photo-1470770841072-f978cf4d019e?auto=format&fit=crop&w=1200&q=85,Landscape 01
landscapes,Light at the Edge of Day,A sample landscape photograph.,https://images.unsplash.com/photo-1500534623283-312aade485b7?auto=format&fit=crop&w=1200&q=85,Landscape 02
landscapes,A Little Farther from Noise,A sample landscape photograph.,https://images.unsplash.com/photo-1472396961693-142e6e269027?auto=format&fit=crop&w=1200&q=85,Landscape 03
